<?xml version="1.0"?>
<doc>
    <assembly>
        <name>Microsoft.Expression.Interactions</name>
    </assembly>
    <members>
        <member name="T:Microsoft.Expression.Interactivity.Core.ActionCommand">
            <summary>
            A basic implementation of ICommand that wraps a method that takes no parameters or a method that takes one parameter.
            </summary>
        </member>
        <member name="M:Microsoft.Expression.Interactivity.Core.ActionCommand.#ctor(System.Action)">
            <summary>
            Initializes a new instance of the <see cref="T:Microsoft.Expression.Interactivity.Core.ActionCommand"/> class.
            </summary>
            <param name="action">The action.</param>
            <remarks>Use this constructor to provide an action that ignores the ICommand parameter.</remarks>
        </member>
        <member name="M:Microsoft.Expression.Interactivity.Core.ActionCommand.#ctor(System.Action{System.Object})">
            <summary>
            Initializes a new instance of the <see cref="T:Microsoft.Expression.Interactivity.Core.ActionCommand"/> class.
            </summary>
            <param name="objectAction">An action that takes an object parameter.</param>
            <remarks>Use this constructor to provide an action that uses the object parameter passed by the Execute method.</remarks>
        </member>
        <member name="M:Microsoft.Expression.Interactivity.Core.ActionCommand.System#Windows#Input#ICommand#CanExecute(System.Object)">
            <summary>
            Defines the method that determines whether the command can execute in its current state.
            </summary>
            <param name="parameter">Data used by the command.  If the command does not require data to be passed, then this object can be set to null.</param>
            <returns>
            Always returns true.
            </returns>
        </member>
        <member name="M:Microsoft.Expression.Interactivity.Core.ActionCommand.Execute(System.Object)">
            <summary>
            Defines the method to be called when the command is invoked.
            </summary>
            <param name="parameter">Data used by the command.  If the command does not require data to be passed, then this object can be set to null.</param>
        </member>
        <member name="E:Microsoft.Expression.Interactivity.Core.ActionCommand.System#Windows#Input#ICommand#CanExecuteChanged">
            <summary>
            Occurs when changes occur that affect whether the command should execute. Will not be fired by ActionCommand.
            </summary>
        </member>
        <member name="T:Microsoft.Expression.Interactivity.Core.CallMethodAction">
            <summary>
            Calls a method on a specified object when invoked.
            </summary>
        </member>
        <member name="M:Microsoft.Expression.Interactivity.Core.CallMethodAction.Invoke(System.Object)">
            <summary>
            Invokes the action.
            </summary>
            <param name="parameter">The parameter of the action. If the action does not require a parameter, the parameter may be set to a null reference.</param>
        </member>
        <member name="M:Microsoft.Expression.Interactivity.Core.CallMethodAction.OnAttached">
            <summary>
            Called after the action is attached to an AssociatedObject.
            </summary>
            <remarks>Override this to hook up functionality to the AssociatedObject.</remarks>
        </member>
        <member name="M:Microsoft.Expression.Interactivity.Core.CallMethodAction.OnDetaching">
            <summary>
            Called when the action is getting detached from its AssociatedObject, but before it has actually occurred.
            </summary>
            <remarks>Override this to unhook functionality from the AssociatedObject.</remarks>
        </member>
        <member name="P:Microsoft.Expression.Interactivity.Core.CallMethodAction.TargetObject">
            <summary>
            The object that exposes the method of interest. This is a dependency property.
            </summary>
        </member>
        <member name="P:Microsoft.Expression.Interactivity.Core.CallMethodAction.MethodName">
            <summary>
            The name of the method to invoke. This is a dependency property.
            </summary>
        </member>
        <member name="T:Microsoft.Expression.Interactivity.Core.ChangePropertyAction">
            <summary>
            An action that will change a specified property to a specified value when invoked.
            </summary>
        </member>
        <member name="M:Microsoft.Expression.Interactivity.Core.ChangePropertyAction.#ctor">
            <summary>
            Initializes a new instance of the <see cref="T:Microsoft.Expression.Interactivity.Core.ChangePropertyAction"/> class.
            </summary>
        </member>
        <member name="M:Microsoft.Expression.Interactivity.Core.ChangePropertyAction.Invoke(System.Object)">
            <summary>
            Invokes the action.
            </summary>
            <param name="parameter">The parameter of the action. If the action does not require a parameter, then the parameter may be set to a null reference.</param>
            <exception cref="T:System.ArgumentException">A property with <c cref="P:Microsoft.Expression.Interactivity.Core.ChangePropertyAction.PropertyName"/> could not be found on the Target.</exception>
            <exception cref="T:System.ArgumentException">Could not set <c cref="P:Microsoft.Expression.Interactivity.Core.ChangePropertyAction.PropertyName"/> to the value specified by <c cref="P:Microsoft.Expression.Interactivity.Core.ChangePropertyAction.Value"/>.</exception>
        </member>
        <member name="P:Microsoft.Expression.Interactivity.Core.ChangePropertyAction.PropertyName">
            <summary>
            Gets or sets the name of the property to change. This is a dependency property.
            </summary>
            <value>The name of the property to change.</value>
        </member>
        <member name="P:Microsoft.Expression.Interactivity.Core.ChangePropertyAction.Value">
            <summary>
            Gets or sets the value to set. This is a dependency property.
            </summary>
            <value>The value to set.</value>
        </member>
        <member name="P:Microsoft.Expression.Interactivity.Core.ChangePropertyAction.Duration">
            <summary>
            Gets or sets the duration of the animation that will occur when the ChangePropertyAction is invoked.  This is a dependency property.
            If the duration is unset, no animation will be applied.
            </summary>
        </member>
        <member name="P:Microsoft.Expression.Interactivity.Core.ChangePropertyAction.Increment">
            <summary>
            Increment by Value if true; otherwise, set the value directly. If the property cannot be incremented, it will instead try to set the value directly.
            </summary>
        </member>
        <member name="P:Microsoft.Expression.Interactivity.Core.ChangePropertyAction.Ease">
            <summary>
            Gets or sets the easing function to use with the animation when the ChangePropertyAction is invoked.  This is a dependency property.
            </summary>
        </member>
        <member name="T:Microsoft.Expression.Interactivity.Core.ComparisonCondition">
            <summary>
            Represents one ternary condition.
            </summary>
        </member>
        <member name="M:Microsoft.Expression.Interactivity.Core.ComparisonCondition.Evaluate">
            <summary>
            Method that evaluates the condition. Note that this method can throw ArgumentException if the operator is
            incompatible with the type. For instance, operators LessThan, LessThanOrEqual, GreaterThan, and GreaterThanOrEqual
            require both operators to implement IComparable. 
            </summary>
            <returns>Returns true if the condition has been met; otherwise, returns false.</returns>
        </member>
        <member name="M:Microsoft.Expression.Interactivity.Core.ComparisonCondition.EnsureBindingUpToDate">
            <summary>
            Ensure that any binding on DP operands are up-to-date.  
            </summary>
        </member>
        <member name="P:Microsoft.Expression.Interactivity.Core.ComparisonCondition.LeftOperand">
            <summary>
            Gets or sets the left operand.
            </summary>
        </member>
        <member name="P:Microsoft.Expression.Interactivity.Core.ComparisonCondition.RightOperand">
            <summary>
            Gets or sets the right operand.
            </summary>
        </member>
        <member name="P:Microsoft.Expression.Interactivity.Core.ComparisonCondition.Operator">
            <summary>
            Gets or sets the comparison operator. 
            </summary>
        </member>
        <member name="T:Microsoft.Expression.Interactivity.Core.ComparisonConditionType">
            <summary>
            Enumeration of different comparison operators.
            </summary>
        </member>
        <member name="M:Microsoft.Expression.Interactivity.ComparisonLogic.EvaluateImpl(System.Object,Microsoft.Expression.Interactivity.Core.ComparisonConditionType,System.Object)">
            <summary>
            This method evaluates operands. 
            </summary>
            <param name="leftOperand">Left operand from the LeftOperand property.</param>
            <param name="operatorType">Operator from Operator property.</param>
            <param name="rightOperand">Right operand from the RightOperand property.</param>
            <returns>Returns true if the condition is met; otherwise, returns false.</returns>
        </member>
        <member name="M:Microsoft.Expression.Interactivity.ComparisonLogic.EvaluateComparable(System.IComparable,Microsoft.Expression.Interactivity.Core.ComparisonConditionType,System.IComparable)">
            <summary>
            Evaluates both operands that implement the IComparable interface.
            </summary>
            <param name="leftOperand">Left operand from the LeftOperand property.</param>
            <param name="operatorType">Operator from Operator property.</param>
            <param name="rightOperand">Right operand from the RightOperand property.</param>
            <returns>Returns true if the condition is met; otherwise, returns false.</returns>
        </member>
        <member name="T:Microsoft.Expression.Interactivity.Core.ForwardChaining">
            <summary>
            Forward chaining.
            </summary>
        </member>
        <member name="T:Microsoft.Expression.Interactivity.Core.ConditionalExpression">
            <summary>
            Represents a conditional expression that is set on a ConditionBehavior.Condition property. 
            Contains a list of conditions that gets evaluated in order to return true or false for ICondition.Evaluate().
            </summary>
        </member>
        <member name="T:Microsoft.Expression.Interactivity.Core.ICondition">
            <summary>
            An interface that a given object must implement in order to be 
            set on a ConditionBehavior.Condition property. 
            </summary>
        </member>
        <member name="M:Microsoft.Expression.Interactivity.Core.ConditionalExpression.#ctor">
            <summary>
            Initializes a new instance of the <see cref="T:Microsoft.Expression.Interactivity.Core.ConditionalExpression"/> class.
            </summary>
        </member>
        <member name="M:Microsoft.Expression.Interactivity.Core.ConditionalExpression.Evaluate">
            <summary>
            Goes through the Conditions collection and evalutes each condition based on 
            ForwardChaining property.
            </summary>
            <returns>Returns true if conditions are met; otherwise, returns false.</returns>
        </member>
        <member name="P:Microsoft.Expression.Interactivity.Core.ConditionalExpression.ForwardChaining">
            <summary>
            Gets or sets forward chaining for the conditions.
            If forward chaining is set to ForwardChaining.And, all conditions must be met.
            If forward chaining is set to ForwardChaining.Or, only one condition must be met.		
            </summary>
        </member>
        <member name="P:Microsoft.Expression.Interactivity.Core.ConditionalExpression.Conditions">
            <summary>
            Return the Condition collections.
            </summary>
        </member>
        <member name="T:Microsoft.Expression.Interactivity.Core.ConditionBehavior">
            <summary>
            A behavior that attaches to a trigger and controls the conditions
            to fire the actions. 
            </summary>
            
        </member>
        <member name="M:Microsoft.Expression.Interactivity.Core.ConditionBehavior.#ctor">
            <summary>
            Initializes a new instance of the <see cref="T:Microsoft.Expression.Interactivity.Core.ConditionBehavior"/> class.
            </summary>
        </member>
        <member name="M:Microsoft.Expression.Interactivity.Core.ConditionBehavior.OnPreviewInvoke(System.Object,System.Windows.Interactivity.PreviewInvokeEventArgs)">
            <summary>
            The event handler that is listening to the preview invoke event that is fired by 
            the trigger. Setting PreviewInvokeEventArgs.Cancelling to True will
            cancel the invocation.
            </summary>
            <param name="sender">The trigger base object.</param>
            <param name="e">An object of type PreviewInvokeEventArgs where e.Cancelling can be set to True.</param>
        </member>
        <member name="P:Microsoft.Expression.Interactivity.Core.ConditionBehavior.Condition">
            <summary>
            Gets or sets the IConditon object on behavior.
            </summary>
            <value>The name of the condition to change.</value>
        </member>
        <member name="T:Microsoft.Expression.Interactivity.DataBindingHelper">
            <summary>
            Helper class for managing binding expressions on dependency objects.
            </summary>
        </member>
        <member name="M:Microsoft.Expression.Interactivity.DataBindingHelper.EnsureDataBindingUpToDateOnMembers(System.Windows.DependencyObject)">
            <summary>
            Ensure that all DP on an action with binding expressions are
            up to date. DataTrigger fires during data binding phase. Since
            actions are children of the trigger, any bindings on the action
            may not be up-to-date. This routine is called before the action
            is invoked in order to guarantee that all bindings are up-to-date
            with the most current data. 
            </summary>
        </member>
        <member name="M:Microsoft.Expression.Interactivity.DataBindingHelper.EnsureDataBindingOnActionsUpToDate(System.Windows.Interactivity.TriggerBase{System.Windows.DependencyObject})">
            <summary>
            Ensures that all binding expression on actions are up to date
            </summary>
        </member>
        <member name="M:Microsoft.Expression.Interactivity.DataBindingHelper.EnsureBindingUpToDate(System.Windows.DependencyObject,System.Windows.DependencyProperty)">
            <summary>
             This helper function ensures that, if a dependency property on a dependency object
             has a binding expression, the binding expression is up-to-date. 
            </summary>
            <param name="target"></param>
            <param name="dp"></param>
        </member>
        <member name="T:Microsoft.Expression.Interactivity.Core.DataStateBehavior">
            <summary>
            Toggles between two states based on a conditional statement.
            </summary>
        </member>
        <member name="M:Microsoft.Expression.Interactivity.Core.DataStateBehavior.OnAttached">
            <summary>
            Called after the behavior is attached to an AssociatedObject.
            </summary>
            <remarks>Override this to hook up functionality to the AssociatedObject.</remarks>
        </member>
        <member name="M:Microsoft.Expression.Interactivity.Core.DataStateBehavior.IsElementLoaded(System.Windows.FrameworkElement)">
            <summary>
            A helper function to take the place of FrameworkElement.IsLoaded, as this property isn't available in Silverlight.
            </summary>
            <param name="element">The element of interest.</param>
            <returns>Returns true if the element has been loaded; otherwise, returns false.</returns>
        </member>
        <member name="P:Microsoft.Expression.Interactivity.Core.DataStateBehavior.Binding">
            <summary>
            Gets or sets the binding that produces the property value of the data object. This is a dependency property.
            </summary>
        </member>
        <member name="P:Microsoft.Expression.Interactivity.Core.DataStateBehavior.Value">
            <summary>
            Gets or sets the value to be compared with the property value of the data object. This is a dependency property.
            </summary>
        </member>
        <member name="P:Microsoft.Expression.Interactivity.Core.DataStateBehavior.TrueState">
            <summary>
            Gets or sets the name of the visual state to transition to when the condition is met. This is a dependency property.
            </summary>
        </member>
        <member name="P:Microsoft.Expression.Interactivity.Core.DataStateBehavior.FalseState">
            <summary>
            Gets or sets the name of the visual state to transition to when the condition is not met. This is a dependency property.
            </summary>
        </member>
        <member name="T:Microsoft.Expression.Interactivity.Core.DataStoreChangedTrigger">
            <summary>
            Trigger designed to be bound to a data store property. Fires when the property changes.
            </summary>
        </member>
        <member name="T:Microsoft.Expression.Interactivity.Core.PropertyChangedTrigger">
             <summary>
             Represents a trigger that performs actions when the bound data have changed. 
             </summary>
            UA_REVIEW:chabiss
        </member>
        <member name="M:Microsoft.Expression.Interactivity.Core.PropertyChangedTrigger.EvaluateBindingChange(System.Object)">
            <summary>
            Called when the binding property has changed. 
            UA_REVIEW:chabiss
            </summary>
            <param name="args"><see cref="T:System.Windows.DependencyPropertyChangedEventArgs"/> argument.</param>
        </member>
        <member name="M:Microsoft.Expression.Interactivity.Core.PropertyChangedTrigger.OnAttached">
            <summary>
            Called after the trigger is attached to an AssociatedObject.
            UA_REVIEW:chabiss
            </summary>
        </member>
        <member name="M:Microsoft.Expression.Interactivity.Core.PropertyChangedTrigger.OnDetaching">
            <summary>
            Called when the trigger is being detached from its AssociatedObject, but before it has actually occurred.
            UA_REVIEW:chabiss
            </summary>
        </member>
        <member name="P:Microsoft.Expression.Interactivity.Core.PropertyChangedTrigger.Binding">
             <summary>
             A binding object that the trigger will listen to, and that causes the trigger to fire when it changes.
             </summary>
            UA_REVIEW:chabiss
        </member>
        <member name="T:Microsoft.Expression.Interactivity.Core.DataTrigger">
            <summary>
            Represents a trigger that performs actions when the bound data meets a specified condition.
            </summary>
        </member>
        <member name="M:Microsoft.Expression.Interactivity.Core.DataTrigger.EvaluateBindingChange(System.Object)">
            <summary>
            Called when the binding property has changed. 
            UA_REVIEW:chabiss
            </summary>
            <param name="args"><see cref="T:System.Windows.DependencyPropertyChangedEventArgs"/> argument.</param>
        </member>
        <member name="P:Microsoft.Expression.Interactivity.Core.DataTrigger.Value">
            <summary>
            Gets or sets the value to be compared with the property value of the data object. This is a dependency property.
            </summary>
        </member>
        <member name="P:Microsoft.Expression.Interactivity.Core.DataTrigger.Comparison">
            <summary>
            Gets or sets the type of comparison to be performed between the specified values. This is a dependency property.
            </summary>
        </member>
        <member name="T:Microsoft.Expression.Interactivity.Core.ExtendedVisualStateManager">
            <summary>
            ExtendedVisualStateManager is a custom VisualStateManager that can smooth out the animation of layout properties.
            With this custom VisualStateManager, states can include changes to properties like Grid.Column, can change element heights to or from Auto, and so on.
            These changes will be smoothed out over time using the GeneratedDuration and GeneratedEasingFunction of the appropriate transition.
            See the "VisualStateManager overrides" region below for a general description of the algorithm.
            </summary>
        </member>
        <member name="F:Microsoft.Expression.Interactivity.Core.ExtendedVisualStateManager.UseFluidLayoutProperty">
            <summary>
            A VisualStateGroup can use Fluid Layout or not.
            </summary>
        </member>
        <member name="F:Microsoft.Expression.Interactivity.Core.ExtendedVisualStateManager.RuntimeVisibilityPropertyProperty">
            <summary>
            Visibility is shadowed by a custom attached property at runtime.
            </summary>
        </member>
        <member name="F:Microsoft.Expression.Interactivity.Core.ExtendedVisualStateManager.OriginalLayoutValuesProperty">
            <summary>
            A VisualStateGroup keeps a list of these original values in an attached property.
            </summary>
        </member>
        <member name="F:Microsoft.Expression.Interactivity.Core.ExtendedVisualStateManager.LayoutStoryboardProperty">
            <summary>
            For every state, the layout-specific properties get extracted and then are attached to the state. These properties are removed from the state itself.
            </summary>
        </member>
        <member name="F:Microsoft.Expression.Interactivity.Core.ExtendedVisualStateManager.CurrentStateProperty">
            <summary>
            Remember the current state.
            </summary>
        </member>
        <member name="F:Microsoft.Expression.Interactivity.Core.ExtendedVisualStateManager.MovingElements">
            <summary>
            This is the set of elements that are currently in motion.
            </summary>
        </member>
        <member name="F:Microsoft.Expression.Interactivity.Core.ExtendedVisualStateManager.LayoutTransitionStoryboard">
            <summary>
            This is the storyboard that is animating the transition.
            </summary>
        </member>
        <member name="F:Microsoft.Expression.Interactivity.Core.ExtendedVisualStateManager.LayoutProperties">
            <summary>
            This list contains all the known layout properties.
            </summary>
        </member>
        <member name="F:Microsoft.Expression.Interactivity.Core.ExtendedVisualStateManager.PathToPropertyMap">
            <summary>
            Silverlight does not provide a direct means of getting a DependencyProperty from a PropertyPath, so this structure is used
            to locate tracked paths.
            </summary>
        </member>
        <member name="M:Microsoft.Expression.Interactivity.Core.ExtendedVisualStateManager.StopAnimations">
            <summary>
            Stop the animation and replace the layout changes that were made to support that animation.
            </summary>
        </member>
        <member name="M:Microsoft.Expression.Interactivity.Core.ExtendedVisualStateManager.FindTransition(System.Windows.VisualStateGroup,System.Windows.VisualState,System.Windows.VisualState)">
            <summary>
            Locate the transition that VisualStateManager will use to animate the change, so that the layout animation can match the duration and ease.
            </summary>
            <param name="group">The group in which the transition is taking place</param>
            <param name="previousState">The state that you are coming from</param>
            <param name="state">The state you are going to</param>
            <returns>The transition</returns>
        </member>
        <member name="M:Microsoft.Expression.Interactivity.Core.ExtendedVisualStateManager.ExtractLayoutStoryboard(System.Windows.VisualState)">
            <summary>
            Remove all layout-affecting properties from the Storyboard for the state and cache them in an attached property.
            </summary>
            <param name="state">The state you are moving to</param>
            <returns>A Storyboard containing the layout properties in that state</returns>
        </member>
        <member name="M:Microsoft.Expression.Interactivity.Core.ExtendedVisualStateManager.FindTargetElements(System.Windows.Controls.Control,System.Windows.FrameworkElement,System.Windows.Media.Animation.Storyboard,System.Collections.Generic.List{Microsoft.Expression.Interactivity.Core.ExtendedVisualStateManager.OriginalLayoutValueRecord},System.Collections.Generic.List{System.Windows.FrameworkElement})">
            <summary>
            The set of target elements is the set of all elements that might have moved in a layout transition. This set is the closure of:
             - Elements with layout properties animated in the state.
             - Siblings of elements in the set.
             - Parents of elements in the set.
             
            Subsequent code will check these rectangles both before and after the layout change.
            </summary>
            <param name="control">The control whose layout is changing state</param>
            <param name="layoutStoryboard">The storyboard containing the layout changes</param>
            <param name="originalValueRecords">Any previous values from previous state navigations that might be reverted</param>
            <param name="movingElements">The set of elements currently in motion, if there is a state change transition ongoing</param>
            <returns>The full set of elements whose layout may have changed</returns>
        </member>
        <member name="M:Microsoft.Expression.Interactivity.Core.ExtendedVisualStateManager.GetRectsOfTargets(System.Collections.Generic.List{System.Windows.FrameworkElement},System.Collections.Generic.List{System.Windows.FrameworkElement})">
            <summary>
            Get a set of rectangles for all the elements in the target list.
            </summary>
            <param name="targets">The set of elements to consider</param>
            <param name="movingElements">The set of elements currently in motion</param>
            <returns>A Dictionary mapping elements to their rects</returns>
        </member>
        <member name="M:Microsoft.Expression.Interactivity.Core.ExtendedVisualStateManager.GetLayoutRect(System.Windows.FrameworkElement)">
            <summary>
            Get the layout rectangle of an element, by getting the layout slot and then computing which portion of the slot is being used.
            </summary>
            <param name="element">The element whose rect we want to get</param>
            <returns>The layout rect of that element</returns>
        </member>
        <member name="M:Microsoft.Expression.Interactivity.Core.ExtendedVisualStateManager.GetOldOpacities(System.Windows.Controls.Control,System.Windows.FrameworkElement,System.Windows.Media.Animation.Storyboard,System.Collections.Generic.List{Microsoft.Expression.Interactivity.Core.ExtendedVisualStateManager.OriginalLayoutValueRecord},System.Collections.Generic.List{System.Windows.FrameworkElement})">
            <summary>
            Get the opacities of elements at the time of the state change, instead of visibilities, because the state change may be in process and the current value is the most important.
            </summary>
            <param name="control">The control whose state is changing</param>
            <param name="layoutStoryboard">The storyboard with the layout properties</param>
            <param name="originalValueRecords">The set of original values</param>
            <returns></returns>
        </member>
        <member name="M:Microsoft.Expression.Interactivity.Core.ExtendedVisualStateManager.SetLayoutStoryboardProperties(System.Windows.Controls.Control,System.Windows.FrameworkElement,System.Windows.Media.Animation.Storyboard,System.Collections.Generic.List{Microsoft.Expression.Interactivity.Core.ExtendedVisualStateManager.OriginalLayoutValueRecord})">
            <summary>
            Go through the layout Storyboard and set all the properties by using SetValue to enable calling UpdateLayout without
            ticking the timeline, which would cause a render.
            All values that are overwritten will be stored in the collection of OriginalValueRecords so that they can be replaced later.
            </summary>
            <param name="control">The control whose state is changing</param>
            <param name="layoutStoryboard">The storyboard holding the layout properties</param>
            <param name="originalValueRecords">The store of original values</param>
        </member>
        <member name="M:Microsoft.Expression.Interactivity.Core.ExtendedVisualStateManager.WrapMovingElementsInCanvases(System.Collections.Generic.List{System.Windows.FrameworkElement},System.Collections.Generic.Dictionary{System.Windows.FrameworkElement,System.Windows.Rect},System.Collections.Generic.Dictionary{System.Windows.FrameworkElement,System.Windows.Rect})">
            <summary>
            Take all the elements that will be moving as a result of the layout animation, and wrap them in Canvases so that
            they do not affect their sibling elements.
            </summary>
            <param name="movingElements">The set of elements that will be moving</param>
        </member>
        <member name="M:Microsoft.Expression.Interactivity.Core.ExtendedVisualStateManager.UnwrapMovingElementsFromCanvases(System.Collections.Generic.List{System.Windows.FrameworkElement})">
            <summary>
            Take all the elements that have been moving as a result of the layout animation, and unwrap them from their Canvases.
            </summary>
            <param name="movingElements">The set of elements that have been moving</param>
        </member>
        <member name="M:Microsoft.Expression.Interactivity.Core.ExtendedVisualStateManager.CopyLayoutProperties(System.Windows.FrameworkElement,System.Windows.FrameworkElement,System.Boolean)">
            <summary>
            Copy the layout properties from the source element to the target element, clearing them from the source.
            </summary>
            <param name="source">The source of the layout properties</param>
            <param name="target">The destination of the layout properties</param>
        </member>
        <member name="M:Microsoft.Expression.Interactivity.Core.ExtendedVisualStateManager.CreateLayoutTransitionStoryboard(System.Windows.VisualTransition,System.Collections.Generic.List{System.Windows.FrameworkElement},System.Collections.Generic.Dictionary{System.Windows.FrameworkElement,System.Double})">
            <summary>
            Create the actual storyboard that will be used to animate the transition. Use all previously calculated results.
            </summary>
            <param name="duration">The duration of the animation</param>
            <param name="ease">The easing function to be used in the animation</param>
            <param name="movingElements">The set of elements that will be moving</param>
            <param name="oldOpacities">The old opacities of the elements whose viisibility is changing</param>
            <returns>The storyboard</returns>
        </member>
        <member name="T:Microsoft.Expression.Interactivity.Core.ExtendedVisualStateManager.OriginalLayoutValueRecord">
            <summary>
            OriginalValueRecord remembers the original value of a property that was changed in a state.
            </summary>
        </member>
        <member name="T:Microsoft.Expression.Interactivity.Layout.FluidMoveScope">
            <summary>
            This enumerated type indicates whether a FluidMoveBehavior applies to the element to which it is attached, or to the children of that element.
            "Self" is useful when there is a single element that should behave in a special manner; "Children" is useful when the same behavior should apply to all
            children of a WrapPanel or to the ItemsHost panel of an ItemsControl.
            </summary>
        </member>
        <member name="T:Microsoft.Expression.Interactivity.Layout.TagType">
            <summary>
            This enumerated type indicates whether an element is identified by itself, or by its DataContext.
            DataContext identification allows movement from one data-driven location to another.
            </summary>
        </member>
        <member name="F:Microsoft.Expression.Interactivity.Layout.FluidMoveBehaviorBase.AppliesToProperty">
            <summary>
            Dependency property for the scope of the behavior. See FluidMoveScope for more details.
            </summary>
        </member>
        <member name="F:Microsoft.Expression.Interactivity.Layout.FluidMoveBehaviorBase.IsActiveProperty">
            <summary>
            Dependency property for the active state of the behavior.
            </summary>
        </member>
        <member name="F:Microsoft.Expression.Interactivity.Layout.FluidMoveBehaviorBase.TagProperty">
            <summary>
            Dependency property that provides the ability to use the element as its own tag, or the binding on the element.
            </summary>
        </member>
        <member name="F:Microsoft.Expression.Interactivity.Layout.FluidMoveBehaviorBase.TagPathProperty">
            <summary>
            Dependency property for the extra path to add to the binding when UsaBindingAsTag is true.
            </summary>
        </member>
        <member name="F:Microsoft.Expression.Interactivity.Layout.FluidMoveBehaviorBase.IdentityTagProperty">
            <summary>
            Identity tag used to detect element motion between containers.
            </summary>
        </member>
        <member name="P:Microsoft.Expression.Interactivity.Layout.FluidMoveBehaviorBase.AppliesTo">
            <summary>
            Indicates whether the behavior applies just to this element, or to all children of the element (if the element is a Panel).
            </summary>
        </member>
        <member name="P:Microsoft.Expression.Interactivity.Layout.FluidMoveBehaviorBase.IsActive">
            <summary>
            Indicates whether the behavior is currently active.
            </summary>
        </member>
        <member name="P:Microsoft.Expression.Interactivity.Layout.FluidMoveBehaviorBase.Tag">
            <summary>
            Indicates whether to use the element as its own tag, or to use the binding on the element as the tag.
            </summary>
        </member>
        <member name="P:Microsoft.Expression.Interactivity.Layout.FluidMoveBehaviorBase.TagPath">
            <summary>
            Extra path to add to the binding when TagType is specified.
            </summary>
        </member>
        <member name="T:Microsoft.Expression.Interactivity.Layout.FluidMoveBehaviorBase.TagData">
            <summary>
            Private structure that stores all relevant data pertaining to a tagged item.
            </summary>
        </member>
        <member name="T:Microsoft.Expression.Interactivity.Layout.FluidMoveBehavior">
            <summary>
            Behavior that watches an element (or a set of elements) for layout changes, and moves the element smoothly to the new position when needed.
            This behavior does not animate the size or visibility of an element; it only animates the offset of that element within its parent container.
            </summary>
        </member>
        <member name="F:Microsoft.Expression.Interactivity.Layout.FluidMoveBehavior.DurationProperty">
            <summary>
            Dependency property for the duration of the move.
            </summary>
        </member>
        <member name="F:Microsoft.Expression.Interactivity.Layout.FluidMoveBehavior.InitialTagProperty">
            <summary>
            Dependency property for the tag type to use just before the object is loaded.
            </summary>
        </member>
        <member name="F:Microsoft.Expression.Interactivity.Layout.FluidMoveBehavior.InitialTagPathProperty">
            <summary>
            Dependency property for the extra path to add to the binding when UsaBindingAsTag is true.
            </summary>
        </member>
        <member name="F:Microsoft.Expression.Interactivity.Layout.FluidMoveBehavior.InitialIdentityTagProperty">
            <summary>
            Identity tag used to detect element motion between containers.
            </summary>
        </member>
        <member name="F:Microsoft.Expression.Interactivity.Layout.FluidMoveBehavior.FloatAboveProperty">
            <summary>
            Dependency property for the FloatAbove flag.
            </summary>
        </member>
        <member name="F:Microsoft.Expression.Interactivity.Layout.FluidMoveBehavior.EaseXProperty">
            <summary>
            Dependency property for the EasingFunction to use for the horizontal component of the move.
            </summary>
        </member>
        <member name="F:Microsoft.Expression.Interactivity.Layout.FluidMoveBehavior.EaseYProperty">
            <summary>
            Dependency property for the EasingFunction to use for the vertical component of the move.
            </summary>
        </member>
        <member name="F:Microsoft.Expression.Interactivity.Layout.FluidMoveBehavior.OverlayProperty">
            <summary>
            Remember the popup/adorner being used, in case of element motion between containers when FloatAbove is true.
            </summary>
        </member>
        <member name="F:Microsoft.Expression.Interactivity.Layout.FluidMoveBehavior.CacheDuringOverlayProperty">
            <summary>
            Opacity cache used when floating a Popup.
            </summary>
        </member>
        <member name="F:Microsoft.Expression.Interactivity.Layout.FluidMoveBehavior.HasTransformWrapperProperty">
            <summary>
            Marks the animation transform.
            </summary>
        </member>
        <member name="P:Microsoft.Expression.Interactivity.Layout.FluidMoveBehavior.Duration">
            <summary>
            The duration of the move.
            </summary>
        </member>
        <member name="P:Microsoft.Expression.Interactivity.Layout.FluidMoveBehavior.InitialTag">
            <summary>
            Spawning point for this item.
            </summary>
        </member>
        <member name="P:Microsoft.Expression.Interactivity.Layout.FluidMoveBehavior.InitialTagPath">
            <summary>
            Extra path to add to the binding when TagType is specified.
            </summary>
        </member>
        <member name="P:Microsoft.Expression.Interactivity.Layout.FluidMoveBehavior.FloatAbove">
            <summary>
            Flag that says whether elements are allowed to float above their containers (in a Popup or Adorner) when changing containers.
            </summary>
        </member>
        <member name="P:Microsoft.Expression.Interactivity.Layout.FluidMoveBehavior.EaseX">
            <summary>
            EasingFunction to use for the horizontal component of the move.
            </summary>
        </member>
        <member name="P:Microsoft.Expression.Interactivity.Layout.FluidMoveBehavior.EaseY">
            <summary>
            EasingFunction to use for the vertical component of the move.
            </summary>
        </member>
        <member name="T:Microsoft.Expression.Interactivity.Core.GoToStateAction">
            <summary>
            An action that will transition a FrameworkElement to a specified VisualState when invoked.
            </summary>
            <remarks>
            If the TargetName property is set, this action will attempt to change the state of the targeted element. If not, it walks
            the element tree in an attempt to locate an alternative target that defines states. ControlTemplate and UserControl are 
            two common possibilities.
            </remarks>
        </member>
        <member name="M:Microsoft.Expression.Interactivity.Core.GoToStateAction.OnTargetChanged(System.Windows.FrameworkElement,System.Windows.FrameworkElement)">
            <summary>
            Called when the target changes. If the TargetName property isn't set, this action has custom behavior.
            </summary>
            <param name="oldTarget"></param>
            <param name="newTarget"></param>
            <exception cref="T:System.InvalidOperationException">Could not locate an appropriate FrameworkElement with states.</exception>
        </member>
        <member name="M:Microsoft.Expression.Interactivity.Core.GoToStateAction.Invoke(System.Object)">
            <summary>
            This method is called when some criteria is met and the action is invoked.
            </summary>
            <param name="parameter"></param>
            <exception cref="T:System.InvalidOperationException">Could not change the target to the specified StateName.</exception>
        </member>
        <member name="P:Microsoft.Expression.Interactivity.Core.GoToStateAction.UseTransitions">
            <summary>
            Determines whether or not to use a VisualTransition to transition between states.
            </summary>
        </member>
        <member name="P:Microsoft.Expression.Interactivity.Core.GoToStateAction.StateName">
            <summary>
            The name of the VisualState.  
            </summary>
        </member>
        <member name="T:Microsoft.Expression.Interactivity.Input.KeyTrigger">
            <summary>
            A Trigger that is triggered by a keyboard event.  If the target Key and Modifiers are detected, it fires.
            </summary>
        </member>
        <member name="P:Microsoft.Expression.Interactivity.Input.KeyTrigger.Key">
            <summary>
            The key that must be pressed for the trigger to fire.
            </summary>
        </member>
        <member name="P:Microsoft.Expression.Interactivity.Input.KeyTrigger.Modifiers">
            <summary>
            The modifiers that must be active for the trigger to fire (the default is no modifiers pressed).
            </summary>
        </member>
        <member name="P:Microsoft.Expression.Interactivity.Input.KeyTrigger.FiredOn">
            <summary>
            Determines whether or not to listen to the KeyDown or KeyUp event.
            </summary>
        </member>
        <member name="T:Microsoft.Expression.Interactivity.Layout.MouseDragElementBehavior">
            <summary>
            Repositions the attached element in response to mouse drag gestures on the element.
            </summary>
        </member>
        <member name="F:Microsoft.Expression.Interactivity.Layout.MouseDragElementBehavior.XProperty">
            <summary>
            Dependency property for the X position of the dragged element, relative to the left of the root element.
            </summary>
        </member>
        <member name="F:Microsoft.Expression.Interactivity.Layout.MouseDragElementBehavior.YProperty">
            <summary>
            Dependency property for the Y position of the dragged element, relative to the top of the root element.
            </summary>
        </member>
        <member name="F:Microsoft.Expression.Interactivity.Layout.MouseDragElementBehavior.ConstrainToParentBoundsProperty">
            <summary>
            Dependency property for the ConstrainToParentBounds property. If true, the dragged element will be constrained to stay within the bounds of its parent container.
            </summary>
        </member>
        <member name="M:Microsoft.Expression.Interactivity.Layout.MouseDragElementBehavior.UpdatePosition(System.Windows.Point)">
            <summary>
            Attempts to update the position of the associated element to the specified coordinates.
            </summary>
            <param name="point">The desired position of the element in root coordinates.</param>
        </member>
        <member name="M:Microsoft.Expression.Interactivity.Layout.MouseDragElementBehavior.ApplyTranslation(System.Double,System.Double)">
            <summary>
            Applies a relative position translation to the associated element.
            </summary>
            <param name="x">The X component of the desired translation in root coordinates.</param>
            <param name="y">The Y component of the desired translation in root coordinates.</param>
        </member>
        <member name="M:Microsoft.Expression.Interactivity.Layout.MouseDragElementBehavior.ApplyTranslationTransform(System.Double,System.Double)">
            <summary>
            Applies the given translation to the RenderTransform of the associated element.
            </summary>
            <param name="x">The X component of the translation in parent coordinates.</param>
            <param name="y">The Y component of the translation in parent coordinates.</param>
        </member>
        <member name="M:Microsoft.Expression.Interactivity.Layout.MouseDragElementBehavior.CloneTransform(System.Windows.Media.Transform)">
            <summary>
            Does a recursive deep copy of the specified transform.
            </summary>
            <param name="transform">The transform to clone.</param>
            <returns>A deep copy of the specified transform, or null if the specified transform is null.</returns>
            <exception cref="T:System.ArgumentException">Thrown if the type of the Transform is not recognized.</exception>
        </member>
        <member name="M:Microsoft.Expression.Interactivity.Layout.MouseDragElementBehavior.UpdatePosition">
            <summary>
            Updates the X and Y properties based on the current rendered position of the associated element.
            </summary>
        </member>
        <member name="M:Microsoft.Expression.Interactivity.Layout.MouseDragElementBehavior.RectContainsRect(System.Windows.Rect,System.Windows.Rect)">
            <summary>
            Check if one Rect is contained by another.
            </summary>
            <param name="rect1">The containing Rect.</param>
            <param name="rect2">The contained Rect.</param>
            <returns><c>True</c> if rect1 contains rect2; otherwise, <c>False</c>.</returns>
        </member>
        <member name="M:Microsoft.Expression.Interactivity.Layout.MouseDragElementBehavior.TransformAsVector(System.Windows.Media.GeneralTransform,System.Double,System.Double)">
            <summary>
            Transforms as vector.
            </summary>
            <param name="transform">The transform.</param>
            <param name="x">The X component of the vector.</param>
            <param name="y">The Y component of the vector.</param>
            <returns>A point containing the values of X and Y transformed by transform as a vector.</returns>
        </member>
        <member name="M:Microsoft.Expression.Interactivity.Layout.MouseDragElementBehavior.GetTransformOffset(System.Windows.Media.GeneralTransform)">
            <summary>
            Gets the transform offset.
            </summary>
            <param name="transform">The transform.</param>
            <returns>The offset of the transform.</returns>
        </member>
        <member name="M:Microsoft.Expression.Interactivity.Layout.MouseDragElementBehavior.OnAttached">
            <summary>
            Called after the behavior is attached to an AssociatedObject.
            </summary>
            <remarks>Override this to hook up functionality to the AssociatedObject.</remarks>
        </member>
        <member name="M:Microsoft.Expression.Interactivity.Layout.MouseDragElementBehavior.OnDetaching">
            <summary>
            Called when the behavior is getting detached from its AssociatedObject, but before it has actually occurred.
            </summary>
            <remarks>Override this to unhook functionality from the AssociatedObject.</remarks>
        </member>
        <member name="E:Microsoft.Expression.Interactivity.Layout.MouseDragElementBehavior.DragBegun">
            <summary>
            Occurs when a drag gesture is initiated.
            </summary>
        </member>
        <member name="E:Microsoft.Expression.Interactivity.Layout.MouseDragElementBehavior.Dragging">
            <summary>
            Occurs when a drag gesture update is processed.
            </summary>
        </member>
        <member name="E:Microsoft.Expression.Interactivity.Layout.MouseDragElementBehavior.DragFinished">
            <summary>
            Occurs when a drag gesture is finished.
            </summary>
        </member>
        <member name="P:Microsoft.Expression.Interactivity.Layout.MouseDragElementBehavior.X">
            <summary>
            Gets or sets the X position of the dragged element, relative to the left of the root element. This is a dependency property.
            </summary>
        </member>
        <member name="P:Microsoft.Expression.Interactivity.Layout.MouseDragElementBehavior.Y">
            <summary>
            Gets or sets the Y position of the dragged element, relative to the top of the root element. This is a dependency property.
            </summary>
        </member>
        <member name="P:Microsoft.Expression.Interactivity.Layout.MouseDragElementBehavior.ConstrainToParentBounds">
            <summary>
            Gets or sets a value indicating whether the dragged element is constrained to stay within the bounds of its parent container. This is a dependency property.
            </summary>
            <value>
            	<c>True</c> if the dragged element should be constrained to its parents bounds; otherwise, <c>False</c>.
            </value>
        </member>
        <member name="P:Microsoft.Expression.Interactivity.Layout.MouseDragElementBehavior.ActualPosition">
            <summary>
            Gets the on-screen position of the associated element in root coordinates.
            </summary>
            <value>The on-screen position of the associated element in root coordinates.</value>
        </member>
        <member name="P:Microsoft.Expression.Interactivity.Layout.MouseDragElementBehavior.ElementBounds">
            <summary>
            Gets the element bounds in element coordinates.
            </summary>
            <value>The element bounds in element coordinates.</value>
        </member>
        <member name="P:Microsoft.Expression.Interactivity.Layout.MouseDragElementBehavior.ParentElement">
            <summary>
            Gets the parent element of the associated object.
            </summary>
            <value>The parent element of the associated object.</value>
        </member>
        <member name="P:Microsoft.Expression.Interactivity.Layout.MouseDragElementBehavior.RootElement">
            <summary>
            Gets the root element of the scene in which the associated object is located.
            </summary>
            <value>The root element of the scene in which the associated object is located.</value>
        </member>
        <member name="P:Microsoft.Expression.Interactivity.Layout.MouseDragElementBehavior.RenderTransform">
            <summary>
            Gets and sets the RenderTransform of the associated element.
            </summary>
        </member>
        <member name="T:Microsoft.Expression.Interactivity.Core.NavigateToPageAction">
            <summary>
            Makes the attached element switch to a different XAML page when clicked on.
            </summary>
        </member>
        <member name="M:Microsoft.Expression.Interactivity.Core.NavigateToPageAction.Invoke(System.Object)">
            <summary>
            Invokes the navigation action.
            </summary>
            <param name="parameter">The parameter to the action. If the Action does not require a parameter, the parameter may be set to a null reference.</param>
        </member>
        <member name="P:Microsoft.Expression.Interactivity.Core.NavigateToPageAction.TargetPage">
            <summary>
            Gets or sets the XAML file to navigate to. This is a dependency property.
            </summary>
        </member>
        <member name="T:Microsoft.Expression.Interactivity.Media.PlaySoundAction">
            <summary>
            An action that will play a sound to completion.
            </summary>
            <remarks>
            This action is intended for use with short sound effects that don't need to be stopped or controlled. If you're trying 
            to create a music player or game, it may not meet your needs.
            </remarks>
        </member>
        <member name="M:Microsoft.Expression.Interactivity.Media.PlaySoundAction.#ctor">
            <summary>
            Initializes a new instance of the <see cref="T:Microsoft.Expression.Interactivity.Media.PlaySoundAction"/> class.
            </summary>
        </member>
        <member name="M:Microsoft.Expression.Interactivity.Media.PlaySoundAction.SetMediaElementProperties(System.Windows.Controls.MediaElement)">
            <summary>
            When the action is invoked, this method is used to customize the dynamically created MediaElement.
            </summary>
            <remarks>
            This method may be useful for Action authors who wish to extend PlaySoundAction. If you want to control the 
            MediaElement Balance property, you could inherit from PlaySoundAction and override this method.
            </remarks>
            <param name="mediaElement"></param>
        </member>
        <member name="M:Microsoft.Expression.Interactivity.Media.PlaySoundAction.Invoke(System.Object)">
            <summary>
            This method is called when some criteria are met and the action should be invoked. 
            </summary>
            <remarks>
            Each invocation of the Action plays a new sound. Although the implementation is subject-to-change, the caller should 
            anticipate that this will create a new MediaElement that will be cleaned up when the sound completes or if the media 
            fails to play.
            </remarks>
            <param name="parameter"></param>
        </member>
        <member name="P:Microsoft.Expression.Interactivity.Media.PlaySoundAction.Source">
            <summary>
            A Uri defining the location of the sound file. This is used to set the source property of the MediaElement. This is a dependency property.
            </summary>
            <remarks>
            The sound can be any file format supported by MediaElement. In the case of a video, it will play only the
            audio portion.
            </remarks>
        </member>
        <member name="P:Microsoft.Expression.Interactivity.Media.PlaySoundAction.Volume">
            <summary>
            Control the volume of the sound. This is used to set the Volume property of the MediaElement. This is a dependency property.
            </summary>
        </member>
        <member name="T:Microsoft.Expression.Interactivity.Core.RemoveElementAction">
            <summary>
            An action that will remove the targeted element from the tree when invoked.
            </summary>
            <remarks>
            This action may fail. The action understands how to remove elements from common parents but not from custom collections or direct manipulation
            of the visual tree.
            </remarks>
        </member>
        <member name="T:Microsoft.Expression.Interactivity.Core.SetDataStoreValueAction">
            <summary>
            An action that will change the value of a property from a data store object.
            This class is identical to ChangePropertyAction. The only difference is that the data store picker is loaded 
            for this action.
            </summary>
        </member>
        <member name="T:Microsoft.Expression.Interactivity.Media.StoryboardAction">
            <summary>
            An abstract class that provides the ability to target a Storyboard.
            </summary>
            <remarks>
            For action authors, this class provides a standard way to target a Storyboard. Design tools may choose to provide a 
            special editing experience for classes that inherit from this action, thereby improving the designer experience.
            </remarks>
        </member>
        <member name="M:Microsoft.Expression.Interactivity.Media.StoryboardAction.OnStoryboardChanged(System.Windows.DependencyPropertyChangedEventArgs)">
            <summary>
            This method is called when the Storyboard property is changed.
            </summary>
            <param name="args"></param>
        </member>
        <member name="P:Microsoft.Expression.Interactivity.Media.StoryboardAction.Storyboard">
            <summary>
            The targeted Storyboard. This is a dependency property.
            </summary>
        </member>
        <member name="T:Microsoft.Expression.Interactivity.Media.ControlStoryboardAction">
            <summary>
            An action that will change the state of a targeted storyboard when invoked.
            </summary>
        </member>
        <member name="M:Microsoft.Expression.Interactivity.Media.ControlStoryboardAction.Invoke(System.Object)">
            <summary>
            This method is called when some criteria is met and the action should be invoked. This method will attempt to 
            change the targeted storyboard in a way defined by the ControlStoryboardOption.
            </summary>
            <param name="parameter"></param>
        </member>
        <member name="T:Microsoft.Expression.Interactivity.Media.StoryboardTrigger">
            <summary>
            An abstract class that provides the ability to target a Storyboard.
            </summary>
            <remarks>
            For Trigger authors, this class provides a standard way to target a Storyboard. Design tools may choose to provide a 
            special editing experience for classes that inherit from this trigger, thereby improving the designer experience. 
            </remarks>
        </member>
        <member name="M:Microsoft.Expression.Interactivity.Media.StoryboardTrigger.OnStoryboardChanged(System.Windows.DependencyPropertyChangedEventArgs)">
            <summary>
            This method is called when the Storyboard property is changed.
            </summary>
        </member>
        <member name="P:Microsoft.Expression.Interactivity.Media.StoryboardTrigger.Storyboard">
            <summary>
            The targeted Storyboard. This is a dependency property.
            </summary>
        </member>
        <member name="T:Microsoft.Expression.Interactivity.Media.StoryboardCompletedTrigger">
            <summary>
            A trigger that listens for the completion of a Storyboard.
            </summary>
        </member>
        <member name="M:Microsoft.Expression.Interactivity.Media.StoryboardCompletedTrigger.#ctor">
            <summary>
            Initializes a new instance of the <see cref="T:Microsoft.Expression.Interactivity.Media.StoryboardCompletedTrigger"/> class.
            </summary>
        </member>
        <member name="T:Microsoft.Expression.Interactivity.Core.TimerTrigger">
            <summary>
            A trigger that is triggered by a specified event occurring on its source and fires after a delay when that event is fired.
            </summary>
        </member>
        <member name="M:Microsoft.Expression.Interactivity.Core.TimerTrigger.#ctor">
            <summary>
            Initializes a new instance of the <see cref="T:Microsoft.Expression.Interactivity.Core.TimerTrigger"/> class.
            </summary>
        </member>
        <member name="P:Microsoft.Expression.Interactivity.Core.TimerTrigger.MillisecondsPerTick">
            <summary>
            Gets or sets the number of milliseconds to wait between ticks. This is a dependency property.
            </summary>
        </member>
        <member name="P:Microsoft.Expression.Interactivity.Core.TimerTrigger.TotalTicks">
            <summary>
            Gets or sets the total number of ticks to be fired before the trigger is finished.  This is a dependency property.
            </summary>
        </member>
        <member name="T:Microsoft.Expression.Interactivity.VisualStateUtilities">
            <summary>
            This class provides various platform agnostic standard operations for working with VisualStateManager.
            </summary>
        </member>
        <member name="M:Microsoft.Expression.Interactivity.VisualStateUtilities.GoToState(System.Windows.FrameworkElement,System.String,System.Boolean)">
            <summary>
            Transitions the control between two states.
            </summary>
            <param name="element">The element to transition between states.</param>
            <param name="stateName">The state to transition to.</param>
            <param name="useTransitions">True to use a System.Windows.VisualTransition to transition between states; otherwise, false.</param>
            <returns>True if the control successfully transitioned to the new state; otherwise, false.</returns>
            <exception cref="T:System.ArgumentNullException">Control is null.</exception>
            <exception cref="T:System.ArgumentNullException">StateName is null.</exception>
        </member>
        <member name="M:Microsoft.Expression.Interactivity.VisualStateUtilities.GetVisualStateGroups(System.Windows.FrameworkElement)">
            <summary>
            Gets the value of the VisualStateManager.VisualStateGroups attached property.
            </summary>
            <param name="targetObject">The element from which to get the VisualStateManager.VisualStateGroups.</param>
            <returns></returns>
        </member>
        <member name="M:Microsoft.Expression.Interactivity.VisualStateUtilities.TryFindNearestStatefulControl(System.Windows.FrameworkElement,System.Windows.FrameworkElement@)">
            <summary>
            Find the nearest parent which contains visual states.
            </summary>
            <param name="contextElement">The element from which to find the nearest stateful control.</param>
            <param name="resolvedControl">The nearest stateful control if True; else null.</param>
            <returns>True if a parent contains visual states; else False.</returns>
        </member>
        <member name="T:Microsoft.Expression.Interactivity.ExceptionStringTable">
            <summary>
              A strongly-typed resource class, for looking up localized strings, etc.
            </summary>
        </member>
        <member name="P:Microsoft.Expression.Interactivity.ExceptionStringTable.ResourceManager">
            <summary>
              Returns the cached ResourceManager instance used by this class.
            </summary>
        </member>
        <member name="P:Microsoft.Expression.Interactivity.ExceptionStringTable.Culture">
            <summary>
              Overrides the current thread's CurrentUICulture property for all
              resource lookups using this strongly typed resource class.
            </summary>
        </member>
        <member name="P:Microsoft.Expression.Interactivity.ExceptionStringTable.CallMethodActionValidMethodNotFoundExceptionMessage">
            <summary>
              Looks up a localized string similar to Could not find method named &apos;{0}&apos; on object of type &apos;{1}&apos; that matches the expected signature..
            </summary>
        </member>
        <member name="P:Microsoft.Expression.Interactivity.ExceptionStringTable.ChangePropertyActionAmbiguousAdditionOperationExceptionMessage">
            <summary>
              Looks up a localized string similar to More than one potential addition operator was found on type &apos;{0}&apos;..
            </summary>
        </member>
        <member name="P:Microsoft.Expression.Interactivity.ExceptionStringTable.ChangePropertyActionCannotAnimateTargetTypeExceptionMessage">
            <summary>
              Looks up a localized string similar to Cannot animate a property change on a type &apos;{0}&apos; Target. Property changes can only be animated on types derived from DependencyObject..
            </summary>
        </member>
        <member name="P:Microsoft.Expression.Interactivity.ExceptionStringTable.ChangePropertyActionCannotFindPropertyNameExceptionMessage">
            <summary>
              Looks up a localized string similar to Cannot find a property named &quot;{0}&quot; on type &quot;{1}&quot;..
            </summary>
        </member>
        <member name="P:Microsoft.Expression.Interactivity.ExceptionStringTable.ChangePropertyActionCannotIncrementAnimatedPropertyChangeExceptionMessage">
            <summary>
              Looks up a localized string similar to The Increment property cannot be set to True if the Duration property is set..
            </summary>
        </member>
        <member name="P:Microsoft.Expression.Interactivity.ExceptionStringTable.ChangePropertyActionCannotIncrementWriteOnlyPropertyExceptionMessage">
            <summary>
              Looks up a localized string similar to The &apos;{0}&apos; property cannot be incremented because its value cannot be read..
            </summary>
        </member>
        <member name="P:Microsoft.Expression.Interactivity.ExceptionStringTable.ChangePropertyActionCannotSetValueExceptionMessage">
            <summary>
              Looks up a localized string similar to Cannot assign value of type &quot;{0}&quot; to property &quot;{1}&quot; of type &quot;{2}&quot;. The &quot;{1}&quot; property can be assigned only values of type &quot;{2}&quot;..
            </summary>
        </member>
        <member name="P:Microsoft.Expression.Interactivity.ExceptionStringTable.ChangePropertyActionPropertyIsReadOnlyExceptionMessage">
            <summary>
              Looks up a localized string similar to Property &quot;{0}&quot; defined by type &quot;{1}&quot; does not expose a set method and therefore cannot be modified..
            </summary>
        </member>
        <member name="P:Microsoft.Expression.Interactivity.ExceptionStringTable.DataStateBehaviorStateNameNotFoundExceptionMessage">
            <summary>
              Looks up a localized string similar to Cannot find state named &apos;{0}&apos; on type &apos;{1}&apos;. Ensure that the state exists and that it can be accessed from this context..
            </summary>
        </member>
        <member name="P:Microsoft.Expression.Interactivity.ExceptionStringTable.GoToStateActionTargetHasNoStateGroups">
            <summary>
              Looks up a localized string similar to Target {0} does not define any VisualStateGroups. .
            </summary>
        </member>
        <member name="P:Microsoft.Expression.Interactivity.ExceptionStringTable.InvalidLeftOperand">
            <summary>
              Looks up a localized string similar to LeftOperand of type &quot;{0}&quot; cannot be used with operator &quot;{1}&quot;..
            </summary>
        </member>
        <member name="P:Microsoft.Expression.Interactivity.ExceptionStringTable.InvalidOperands">
            <summary>
              Looks up a localized string similar to LeftOperand of type &quot;{1}&quot; and RightOperand of type &quot;{0}&quot; cannot be used with operator &quot;{2}&quot;..
            </summary>
        </member>
        <member name="P:Microsoft.Expression.Interactivity.ExceptionStringTable.InvalidRightOperand">
            <summary>
              Looks up a localized string similar to RightOperand of type &quot;{0}&quot; cannot be used with operator &quot;{1}&quot;..
            </summary>
        </member>
        <member name="P:Microsoft.Expression.Interactivity.ExceptionStringTable.UnsupportedRemoveTargetExceptionMessage">
            <summary>
              Looks up a localized string similar to The target of the RemoveElementAction is not supported..
            </summary>
        </member>
    </members>
</doc>
